{"cameraMode":{"drawMode":0,"name":"Shaded","section":"Shading Mode"},"sceneLighting":false,"audioPlay":false,"sceneViewState":{"showFog":true,"showMaterialUpdate":false,"showSkybox":true,"showFlares":true,"showImageEffects":true,"showParticleSystems":true},"in2DMode":false,"pivot":{"x":1.4690442085266114,"y":1.7657766342163087,"z":-3.1864023208618166},"rotation":{"x":-0.1589866280555725,"y":0.5942093729972839,"z":-0.12126369029283524,"w":-0.7790594696998596},"size":2.2238078117370607,"orthographic":false}