{"cameraMode":{"drawMode":0,"name":"Shaded","section":"Shading Mode"},"sceneLighting":false,"audioPlay":false,"sceneViewState":{"showFog":true,"showMaterialUpdate":false,"showSkybox":true,"showFlares":true,"showImageEffects":true,"showParticleSystems":true},"in2DMode":false,"pivot":{"x":-0.29443421959877016,"y":2.1541175842285158,"z":9.041341781616211},"rotation":{"x":0.25202298164367678,"y":-0.04062991961836815,"z":0.010591196827590466,"w":0.9668099880218506},"size":0.7065970301628113,"orthographic":false}