{"cameraMode":{"drawMode":0,"name":"Shaded","section":"Shading Mode"},"sceneLighting":false,"audioPlay":false,"sceneViewState":{"showFog":true,"showMaterialUpdate":false,"showSkybox":true,"showFlares":true,"showImageEffects":true,"showParticleSystems":true},"in2DMode":false,"pivot":{"x":-0.28606659173965456,"y":0.13000112771987916,"z":1.5041865110397339},"rotation":{"x":0.03949066996574402,"y":0.0936955064535141,"z":0.003719327272847295,"w":-0.9948104619979858},"size":0.665987491607666,"orthographic":false}