{"cameraMode":{"drawMode":0,"name":"Shaded","section":"Shading Mode"},"sceneLighting":false,"audioPlay":false,"sceneViewState":{"showFog":true,"showMaterialUpdate":false,"showSkybox":true,"showFlares":true,"showImageEffects":true,"showParticleSystems":true},"in2DMode":false,"pivot":{"x":0.002473060041666031,"y":-0.03695005178451538,"z":-0.0856175422668457},"rotation":{"x":0.2339896857738495,"y":0.1710396409034729,"z":-0.041856396943330768,"w":0.9561601877212524},"size":2.2141952514648439,"orthographic":false}