{"cameraMode":{"drawMode":0,"name":"Shaded","section":"Shading Mode"},"sceneLighting":false,"audioPlay":false,"sceneViewState":{"showFog":true,"showMaterialUpdate":false,"showSkybox":true,"showFlares":true,"showImageEffects":true,"showParticleSystems":true},"in2DMode":false,"pivot":{"x":-0.5035738348960877,"y":0.006084874272346497,"z":-0.2970304489135742},"rotation":{"x":-0.17971836030483247,"y":0.036298517137765887,"z":-0.006636064033955336,"w":-0.9830257892608643},"size":0.4621275067329407,"orthographic":false}