{"cameraMode":{"drawMode":0,"name":"Shaded","section":"Shading Mode"},"sceneLighting":false,"audioPlay":false,"sceneViewState":{"showFog":true,"showMaterialUpdate":false,"showSkybox":true,"showFlares":true,"showImageEffects":true,"showParticleSystems":true},"in2DMode":false,"pivot":{"x":0.6021994352340698,"y":1.8538024425506592,"z":0.6552698612213135},"rotation":{"x":0.03949066996574402,"y":0.0936955064535141,"z":0.003719327272847295,"w":-0.9948104619979858},"size":0.6904951333999634,"orthographic":false}