{"cameraMode":{"drawMode":0,"name":"Shaded","section":"Shading Mode"},"sceneLighting":false,"audioPlay":false,"sceneViewState":{"showFog":true,"showMaterialUpdate":false,"showSkybox":true,"showFlares":true,"showImageEffects":true,"showParticleSystems":true},"in2DMode":false,"pivot":{"x":-0.5060992240905762,"y":0.023810721933841707,"z":1.0718622207641602},"rotation":{"x":-0.2442922443151474,"y":0.07264643162488938,"z":-0.018356356769800187,"w":-0.9668024182319641},"size":0.9137995839118958,"orthographic":false}