{"cameraMode":{"drawMode":0,"name":"Shaded","section":"Shading Mode"},"sceneLighting":true,"audioPlay":false,"sceneViewState":{"showFog":true,"showMaterialUpdate":false,"showSkybox":true,"showFlares":true,"showImageEffects":true,"showParticleSystems":true},"in2DMode":false,"pivot":{"x":-10.309591293334961,"y":-8.442726135253907,"z":1.5858616828918458},"rotation":{"x":0.1561238169670105,"y":-0.749858021736145,"z":0.1906721591949463,"w":0.613988995552063},"size":15.68395709991455,"orthographic":false}