{"cameraMode":{"drawMode":0,"name":"Shaded","section":"Shading Mode"},"sceneLighting":true,"audioPlay":false,"sceneViewState":{"showFog":true,"showMaterialUpdate":false,"showSkybox":true,"showFlares":true,"showImageEffects":true,"showParticleSystems":true},"in2DMode":false,"pivot":{"x":-1.221435546875,"y":-4.837646484375,"z":10.3388671875},"rotation":{"x":0.11269736289978028,"y":-0.08930116891860962,"z":0.010170003399252892,"w":0.989556074142456},"size":6.4444122314453129,"orthographic":true}